Title,Link
安坑輕軌首發事故遭休旅車擦撞 車頭右側裙板刮傷,https://news.ltn.com.tw/news/society/breakingnews/4281831
路口發生死亡車禍 違規停車2男比肇事女駕駛判刑更重,https://news.ltn.com.tw/news/society/breakingnews/4281686
「煙火哥」誣婦人確診又潑糞逼車 危害公眾安全3罪判刑,https://news.ltn.com.tw/news/society/breakingnews/4281366
安坑輕軌首起交通事故 轎車左轉與列車擦撞,https://news.ltn.com.tw/news/society/breakingnews/4281408
日月潭2屍3命車禍 死亡婦重病婆婆悲泣：老天爺太殘忍,https://news.ltn.com.tw/news/society/breakingnews/4281157
日月潭2屍3命車禍！ 孕母騎機車4歲女兒站踏板 遭貨車撞死,https://news.ltn.com.tw/news/society/breakingnews/4281087
轎車國道失控翻落2層樓高橋下 後車目擊火速報案救一命,https://news.ltn.com.tw/news/society/breakingnews/4280756
台南轎車撞車又撞樹1死1傷 網友認出是經典跑車「牛魔王」,https://news.ltn.com.tw/news/society/breakingnews/4280592
台南東山山區搬運車翻落邊坡 農民遭壓車底骨折,https://news.ltn.com.tw/news/society/breakingnews/4280545
台中廂型車搶快碰撞自小客 駕駛一度夾困車內,https://news.ltn.com.tw/news/society/breakingnews/4280308
轎車山路撞小廟影片流出 釣出車主惱羞回文慘遭網友洗臉,https://news.ltn.com.tw/news/society/breakingnews/4280152
竹縣寄養家庭媽媽27年照顧62名孩子 獲模範母親表揚,https://news.ltn.com.tw/news/life/breakingnews/4280165
男子網戀6年花光積蓄！正妹女友身分曝光竟是48歲舅媽,https://news.ltn.com.tw/news/world/breakingnews/4279522
丈夫去年癌逝一雙兒女日前車禍雙亡  母親崩潰大喊無法接受,https://news.ltn.com.tw/news/society/breakingnews/4279932
疑「閃貓」失控！女駕駛急回正誤踩油門 連撞4車翻車釀1傷,https://news.ltn.com.tw/news/society/breakingnews/4279917
恆春又有違法沙灘車營業 兩遊客摔邊溝滿身傷,https://news.ltn.com.tw/news/society/breakingnews/4279799
移工騎電動車「有路就上」 誤闖國道挨撞險送命,https://news.ltn.com.tw/news/society/breakingnews/4279624
驚險！急閃切換車道小貨車？ 砂石車右切擦撞自小客,https://news.ltn.com.tw/news/society/breakingnews/4279457
獨家》高雄「鬼之下坡」超危險！僅104天至少發生36起機車自摔,https://news.ltn.com.tw/news/society/breakingnews/4279424
健康網》跌倒手撐地小心「遠端橈骨骨折」 手指發麻恐傷神經,https://health.ltn.com.tw/article/breakingnews/4279412
